task_name,s_time,e_time,diff_time,seconds
LOAD,2015-12-07 17:08:01.000000,2015-12-07 17:08:02.000000,,1.000
PERF.POWER,2015-12-07 17:08:08.000000,2015-12-07 17:08:11.000000,,3.000
PERF.POWER.RF1,2015-12-07 17:08:08.000000,2015-12-07 17:08:08.000000,,0.000
PERF.POWER.Q14,2015-12-07 17:08:08.000000,2015-12-07 17:08:08.000000,,0.000
PERF.POWER.Q2,2015-12-07 17:08:08.000000,2015-12-07 17:08:08.000000,,0.000
PERF.POWER.Q9,2015-12-07 17:08:08.000000,2015-12-07 17:08:08.000000,,0.000
PERF.POWER.Q20,2015-12-07 17:08:08.000000,2015-12-07 17:08:09.000000,,1.000
PERF.POWER.Q6,2015-12-07 17:08:09.000000,2015-12-07 17:08:09.000000,,0.000
PERF.POWER.Q17,2015-12-07 17:08:09.000000,2015-12-07 17:08:09.000000,,0.000
PERF.POWER.Q18,2015-12-07 17:08:09.000000,2015-12-07 17:08:09.000000,,0.000
PERF.POWER.Q8,2015-12-07 17:08:09.000000,2015-12-07 17:08:09.000000,,0.000
PERF.POWER.Q21,2015-12-07 17:08:09.000000,2015-12-07 17:08:10.000000,,1.000
PERF.POWER.Q13,2015-12-07 17:08:10.000000,2015-12-07 17:08:10.000000,,0.000
PERF.POWER.Q3,2015-12-07 17:08:10.000000,2015-12-07 17:08:10.000000,,0.000
PERF.POWER.Q22,2015-12-07 17:08:10.000000,2015-12-07 17:08:10.000000,,0.000
PERF.POWER.Q16,2015-12-07 17:08:10.000000,2015-12-07 17:08:10.000000,,0.000
PERF.POWER.Q4,2015-12-07 17:08:10.000000,2015-12-07 17:08:10.000000,,0.000
PERF.POWER.Q11,2015-12-07 17:08:10.000000,2015-12-07 17:08:10.000000,,0.000
PERF.POWER.Q15,2015-12-07 17:08:10.000000,2015-12-07 17:08:11.000000,,1.000
PERF.POWER.Q1,2015-12-07 17:08:11.000000,2015-12-07 17:08:11.000000,,0.000
PERF.POWER.Q10,2015-12-07 17:08:11.000000,2015-12-07 17:08:11.000000,,0.000
PERF.POWER.Q19,2015-12-07 17:08:11.000000,2015-12-07 17:08:11.000000,,0.000
PERF.POWER.Q5,2015-12-07 17:08:11.000000,2015-12-07 17:08:11.000000,,0.000
PERF.POWER.Q7,2015-12-07 17:08:11.000000,2015-12-07 17:08:11.000000,,0.000
PERF.POWER.Q12,2015-12-07 17:08:11.000000,2015-12-07 17:08:11.000000,,0.000
PERF.POWER.RF2,2015-12-07 17:08:11.000000,2015-12-07 17:08:11.000000,,0.000
PERF.THRUPUT,2015-12-07 17:08:29.000000,2015-12-07 17:08:35.000000,,6.000
PERF.THRUPUT.RFST1,2015-12-07 17:08:31.000000,2015-12-07 17:08:31.000000,,0.000
PERF.THRUPUT.RFST1.RF1,2015-12-07 17:08:31.000000,,,
PERF.THRUPUT.RFST1.RF2,2015-12-07 17:08:31.000000,2015-12-07 17:08:31.000000,,0.000
PERF.THRUPUT.QS1.ALL,2015-12-07 17:08:31.000000,2015-12-07 17:08:35.000000,,4.000
PERF.THRUPUT.QS1.Q21,2015-12-07 17:08:31.000000,2015-12-07 17:08:31.000000,,0.000
PERF.THRUPUT.QS1.Q3,2015-12-07 17:08:31.000000,2015-12-07 17:08:32.000000,,1.000
PERF.THRUPUT.QS1.Q18,2015-12-07 17:08:32.000000,2015-12-07 17:08:32.000000,,0.000
PERF.THRUPUT.QS1.Q5,2015-12-07 17:08:32.000000,2015-12-07 17:08:32.000000,,0.000
PERF.THRUPUT.QS1.Q11,2015-12-07 17:08:32.000000,2015-12-07 17:08:32.000000,,0.000
PERF.THRUPUT.QS1.Q7,2015-12-07 17:08:32.000000,2015-12-07 17:08:32.000000,,0.000
PERF.THRUPUT.QS1.Q6,2015-12-07 17:08:32.000000,2015-12-07 17:08:32.000000,,0.000
PERF.THRUPUT.QS1.Q20,2015-12-07 17:08:33.000000,2015-12-07 17:08:33.000000,,0.000
PERF.THRUPUT.QS1.Q17,2015-12-07 17:08:33.000000,2015-12-07 17:08:33.000000,,0.000
PERF.THRUPUT.QS1.Q12,2015-12-07 17:08:33.000000,2015-12-07 17:08:33.000000,,0.000
PERF.THRUPUT.QS1.Q16,2015-12-07 17:08:33.000000,2015-12-07 17:08:33.000000,,0.000
PERF.THRUPUT.QS1.Q15,2015-12-07 17:08:33.000000,2015-12-07 17:08:33.000000,,0.000
PERF.THRUPUT.QS1.Q13,2015-12-07 17:08:33.000000,2015-12-07 17:08:33.000000,,0.000
PERF.THRUPUT.QS1.Q10,2015-12-07 17:08:33.000000,2015-12-07 17:08:33.000000,,0.000
PERF.THRUPUT.QS1.Q2,2015-12-07 17:08:33.000000,2015-12-07 17:08:34.000000,,1.000
PERF.THRUPUT.QS1.Q8,2015-12-07 17:08:34.000000,2015-12-07 17:08:34.000000,,0.000
PERF.THRUPUT.QS1.Q14,2015-12-07 17:08:34.000000,2015-12-07 17:08:34.000000,,0.000
PERF.THRUPUT.QS1.Q19,2015-12-07 17:08:34.000000,2015-12-07 17:08:34.000000,,0.000
PERF.THRUPUT.QS1.Q9,2015-12-07 17:08:34.000000,2015-12-07 17:08:34.000000,,0.000
PERF.THRUPUT.QS1.Q22,2015-12-07 17:08:34.000000,2015-12-07 17:08:34.000000,,0.000
PERF.THRUPUT.QS1.Q1,2015-12-07 17:08:34.000000,2015-12-07 17:08:34.000000,,0.000
PERF.THRUPUT.QS1.Q4,2015-12-07 17:08:34.000000,2015-12-07 17:08:35.000000,,1.000
